<?xml version="1.0" encoding="UTF-8" standalone="yes"?>
<Module id="${project.name}" class="org.modelio.silarconfig.impl.SiLaRModuleModule" binaryversion="4.1.00" version="${project.version}" schema-level="2" uid="076e7be4-46e7-4b81-99f2-5f61ab93779d">
    <ClassPath>
        <PathEntry path="lib/${project.artifactId}-${project.version}.jar"/>
        <PathEntry path="lib/commons-lang3-3.1.jar"/>
    </ClassPath>
    <Profiles>
        <Profile uid="15fb2917-8256-4e5b-9c68-7e3d12d85ec9" id="TestArchetypeProfile">
            <Stereotype name="stereotype1" metaclass="Class" is-hidden="false" label="Stereotype 1" uid="457e7832-2234-47c1-b22c-ab48a6cc355d">
                <Icon path="res/icons/Stereotype1_16.png"/>
                <Image path="res/icons/Stereotype1_48.png"/>
            </Stereotype>
            <Stereotype name="stereotype2" metaclass="ClassDiagram" is-hidden="false" label="Stereotype 2" uid="1eb5d4b1-b7e0-4d17-97f5-8a045e186cee">
                <Icon path="res/icons/Stereotype2_16.png"/>
                <Image path="res/icons/Stereotype2_16.png"/>
            </Stereotype>
            <MetaclassReference uid="f01ef27c-e984-4e65-8627-6ee5eb173a1e" metaclass="ModelElement">
                <TagTypes>
                    <TagType name="TagName" uid="5ba91808-1e43-48fd-a974-14c46a3e5675" label="Name" parameter-card="1" is-hidden="false" is-signed="false"/>
                </TagTypes>
            </MetaclassReference>
        </Profile>
    </Profiles>
    <Gui>
        <Commands>
            <Command id="HelloWorldCommand" label="%HelloWorldCommandLabel" tooltip="%HelloWorldCommandTooltip" image="res/icons/HelloWorldCommand_16.png" group="" modify-model="false" group-image="">
                <Scope metaclass="ModelTree"/>
                <Handler class="org.modelio.silarconfig.command.HelloWorldCommand"/>
            </Command>
            <Command id="CreateElementCommandExample" label="%CreateElementCommandExampleLabel" tooltip="%CreateElementCommandExampleTooltip" image="res/icons/Stereotype1_16.png" group="" modify-model="true" group-image="">
                <Scope metaclass="ModelTree"/>
                <Handler class="ElementCreate">
                    <HParameter name="name" value="%CreateElementCommandExampleName"/>
                    <HParameter name="metaclass" value="Class"/>
                    <HParameter name="stereotype" value="stereotype1"/>
                </Handler>
            </Command>
            <Command id="CreateDiagramCommandExample" label="%CreateDiagramCommandExampleLabel" tooltip="%CreateDiagramCommandExampleTooltip" image="res/icons/Stereotype2_16.png" group="" modify-model="true" group-image="">
                <Scope metaclass="ModelTree"/>
                <Handler class="DiagramCreate">
                    <HParameter name="name" value="%CreateDiagramCommandExampleName"/>
                    <HParameter name="metaclass" value="ClassDiagram"/>
                    <HParameter name="stereotype" value="stereotype2"/>
                </Handler>
            </Command>
        </Commands>
        <Tools>
            <Tool id="CreateElementDiagramCommandExample" label="%CreateElementDiagramCommandExampleLabel" tooltip="%CreateElementDiagramCommandExampleTooltip" image="res/icons/Stereotype1_16.png">
                <Scope-source metaclass="ModelTree"/>
                <Handler class="Box">
                    <HParameter name="name" value="%CreateElementDiagramCommandExampleName"/>
                    <HParameter name="metaclass" value="Class"/>
                    <HParameter name="stereotype" value="stereotype1"/>
                </Handler>
            </Tool>
        </Tools>
        <ContextualMenu>
            <CommandRef refid="HelloWorldCommand"/>
            <CommandRef refid="CreateElementCommandExample"/>
            <CommandRef refid="CreateDiagramCommandExample"/>
        </ContextualMenu>
        <Diagrams>
            <DiagramType base-diagram="ClassDiagram" stereotype="stereotype2">
                <Palette keepBasePalette="false">
                    <ToolRef refid="CreateElementDiagramCommandExample" group="Customization"/>
                </Palette>
                <Handler class="StandardCustomizer"/>
            </DiagramType>
        </Diagrams>
        <Views/>
    </Gui>
    <Dependencies/>
</Module>
